{"epoch":10,"val_loss":3.650078773498535,"lr":0.0009999383779245893,"_runtime":4406.118327346,"_timestamp":1.7290920398409805e+09,"val_acc":0.1841999888420105,"_step":10160,"acc":0.125,"_wandb":{"runtime":4406},"loss":3.9263532161712646}