{"val_loss":1.8859038352966309,"val_acc":0.6841999888420105,"acc":0.947115421295166,"_runtime":28745.710867343,"epoch":600,"_step":101600,"loss":0.9959416389465332,"_wandb":{"runtime":28745},"lr":1.0162512582712345e-06,"_timestamp":1.7309069663492546e+09}