{"val_acc":0.3203999996185303,"_wandb":{"runtime":2218},"acc":0.32692310214042664,"_step":5080,"loss":3.274301528930664,"epoch":10,"lr":0.0009999383779245893,"_runtime":2218.219416295,"val_loss":3.114046096801758,"_timestamp":1.7285679472418463e+09}