{"loss":3.27694034576416,"lr":0.0009999383779245893,"_runtime":1649.742678477,"_timestamp":1.7285736361769257e+09,"val_loss":3.2324235439300537,"acc":0.3125,"_wandb":{"runtime":1649},"_step":5080,"val_acc":0.2865999937057495,"epoch":10}