{"epoch":600,"loss":2.8104095458984375,"val_acc":0.6028000116348267,"val_loss":2.0911290645599365,"_runtime":47293.892805643,"_step":152400,"acc":0.5883620381355286,"_wandb":{"runtime":47293},"_timestamp":1.7305876670904624e+09,"lr":1.0332445079565165e-06}