{"_runtime":4708.766635811,"acc":0.22500000894069672,"_timestamp":1.729085711501431e+09,"_step":10160,"val_acc":0.2784000039100647,"val_loss":3.2302491664886475,"loss":3.472752094268799,"lr":0.0009999383779245893,"_wandb":{"runtime":4708},"epoch":10}