{"lr":0.0009999383779245893,"_wandb":{"runtime":4324},"val_acc":0.2849999964237213,"acc":0.07500000298023224,"loss":4.115798473358154,"_step":10160,"_runtime":4324.159401157,"epoch":10,"val_loss":3.2024056911468506,"_timestamp":1.728915598717614e+09}