{"loss":3.416421413421631,"_step":4572,"val_loss":3.197233200073242,"val_acc":0.2955999970436096,"lr":0.0009999726120980732,"epoch":9,"_timestamp":1.7285620985259871e+09,"_wandb":{"runtime":1986},"acc":0.2211538553237915,"_runtime":1986.305757297}