{"_timestamp":1.7309047627655933e+09,"acc":0.7884615659713745,"_runtime":27248.713347763,"lr":1.001630611714191e-06,"_wandb":{"runtime":27248},"val_loss":1.9066917896270752,"epoch":600,"val_acc":0.6825999617576599,"loss":2.3050694465637207,"_step":96520}