{"_timestamp":1.7285601498377273e+09,"_wandb":{"runtime":2188},"val_acc":0.34360000491142273,"_step":5080,"epoch":10,"lr":0.0009999383779245893,"loss":3.2220115661621094,"acc":0.254807710647583,"val_loss":2.9877312183380127,"_runtime":2188.433506067}