{"val_acc":0.3109999895095825,"val_loss":3.1498570442199707,"loss":4.043589115142822,"_step":5080,"epoch":10,"acc":0.17307692766189575,"_wandb":{"runtime":2586},"_runtime":2586.530742548,"_timestamp":1.728588039066083e+09,"lr":0.0009999383779245893}