{"val_loss":3.4629502296447754,"_step":5080,"_timestamp":1.7285854167171922e+09,"_runtime":2465.411223978,"_wandb":{"runtime":2465},"val_acc":0.22540000081062317,"acc":0.13942308723926544,"epoch":10,"loss":4.096573829650879,"lr":0.0009999383779245893}