{"val_loss":3.798704147338867,"acc":0.05000000074505806,"loss":4.4589385986328125,"_runtime":4473.193160147,"lr":0.0009999383779245893,"_step":10160,"val_acc":0.1509999930858612,"_timestamp":1.7290965672335248e+09,"epoch":10,"_wandb":{"runtime":4473}}