{"_runtime":4358.034908424,"acc":0.23749999701976776,"epoch":10,"loss":3.317868947982788,"_wandb":{"runtime":4358},"val_acc":0.2768000066280365,"_timestamp":1.7289321618744478e+09,"val_loss":3.25307035446167,"lr":0.0009999383779245893,"_step":10160}