{"_timestamp":1.730785194726417e+09,"_runtime":30487.652620003,"_wandb":{"runtime":30487},"loss":1.7428319454193115,"acc":0.6982758641242981,"val_acc":0.5870000123977661,"_step":60960,"epoch":600,"val_loss":2.1337971687316895,"lr":1.0154272026317602e-06}