{"_step":5080,"val_acc":0.2791999876499176,"_timestamp":1.7285782662995942e+09,"lr":0.0009999383779245893,"acc":0.01923076994717121,"val_loss":3.2415764331817627,"loss":4.0748772621154785,"_runtime":1699.671578777,"epoch":10,"_wandb":{"runtime":1699}}