{"val_loss":3.0664138793945312,"acc":0.15000000596046448,"lr":0.0009999383779245893,"loss":4.164524555206299,"epoch":10,"_wandb":{"runtime":4776},"_runtime":4776.932895579,"_step":10160,"val_acc":0.3263999819755554,"_timestamp":1.72891123328056e+09}