{"loss":3.4069082736968994,"lr":0.0009999383779245893,"val_loss":3.2727980613708496,"val_acc":0.2709999978542328,"_timestamp":1.728571028974479e+09,"_wandb":{"runtime":1556},"acc":0.22596155107021332,"_step":5080,"_runtime":1556.760163744,"epoch":10}