{"_timestamp":1.7285799105246687e+09,"_wandb":{"runtime":1602},"acc":0.08173077553510666,"val_acc":0.1599999964237213,"_runtime":1602.594260565,"val_loss":3.7216498851776123,"_step":5080,"loss":3.820533514022827,"lr":0.0009999383779245893,"epoch":10}