{"loss":2.1095986366271973,"acc":0.6142241358757019,"val_loss":2.24558162689209,"lr":1.0012616321875452e-06,"_step":91440,"_runtime":37167.161317815,"epoch":600,"_wandb":{"runtime":37167},"_timestamp":1.7307920402590718e+09,"val_acc":0.5555999875068665}