{"lr":0.0009999383779245893,"val_acc":0.272599995136261,"_wandb":{"runtime":4956},"_step":10160,"_timestamp":1.7290809647828588e+09,"val_loss":3.295001983642578,"acc":0.2874999940395355,"epoch":10,"_runtime":4956.984830472,"loss":3.394280433654785}