{"val_acc":0.3046000003814697,"_wandb":{"runtime":1580},"val_loss":3.149690628051758,"_step":5080,"acc":0.26923078298568726,"epoch":10,"_runtime":1580.575918035,"lr":0.0009999383779245893,"loss":3.293236017227173,"_timestamp":1.72857547951677e+09}