{"_step":10160,"val_loss":3.031761407852173,"_timestamp":1.7289366382275677e+09,"lr":0.0009999383779245893,"epoch":10,"_wandb":{"runtime":4434},"val_acc":0.33640000224113464,"loss":3.0129477977752686,"acc":0.3499999940395355,"_runtime":4434.760386076}