{"loss":4.376638412475586,"lr":0.0009999383779245893,"epoch":10,"val_loss":3.045640230178833,"_step":10160,"_wandb":{"runtime":4299},"_runtime":4299.121482054,"acc":0.03750000149011612,"_timestamp":1.7289277370395815e+09,"val_acc":0.3301999866962433}