{"val_acc":0.31219998002052307,"epoch":10,"acc":0.21250000596046448,"loss":3.5792312622070312,"_runtime":4520.308128595,"_step":10160,"val_loss":3.152003526687622,"_timestamp":1.7287466854632578e+09,"lr":0.0009999383779245893,"_wandb":{"runtime":4520}}