{"_runtime":2228.866990561,"val_acc":0.25380000472068787,"lr":0.0009999383779245893,"loss":3.6139941215515137,"_wandb":{"runtime":2228},"_step":5080,"acc":0.19230769574642181,"_timestamp":1.7285657155588233e+09,"epoch":10,"val_loss":3.3420112133026123}