{"epoch":10,"lr":0.0009999383779245893,"val_acc":0.3434000015258789,"_wandb":{"runtime":4315},"acc":0.07500000298023224,"_step":10160,"loss":4.366372585296631,"_timestamp":1.7289199717324364e+09,"_runtime":4315.312775041,"val_loss":3.0135066509246826}