{"val_acc":0.35199999809265137,"_step":5080,"loss":4.17250394821167,"_wandb":{"runtime":2181},"val_loss":2.957913398742676,"epoch":10,"acc":0.11057692766189575,"_timestamp":1.7285579444648077e+09,"lr":0.0009999383779245893,"_runtime":2181.753139262}